start,end,group_ia2ir66/Nama_Surveyor,group_ia2ir66/Nomor_Induk_Mahasiswa_NIM,group_ia2ir66/Tempat_Tanggal_Lahir,group_rh9kt61/Nama_Jalan,group_rh9kt61/Tanggal_dan_Waktu_Survei,group_rh9kt61/Kategori_Variabel/lampu_lalu_lintas,group_rh9kt61/Kategori_Variabel/jalan,group_rh9kt61/Kategori_Variabel/fasilitas,group_rh9kt61/Kondisi_Infrastruktur_Jalan/baik,group_rh9kt61/Kondisi_Infrastruktur_Jalan/sedang,group_rh9kt61/Kondisi_Infrastruktur_Jalan/buruk_rusak,group_rh9kt61/Karakteristik_Geometrik_Jalan/lurus,group_rh9kt61/Karakteristik_Geometrik_Jalan/sedikit_tikungan,group_rh9kt61/Karakteristik_Geometrik_Jalan/banyak_tikungan,group_rh9kt61/Kerusakan_Jalan/ringan,group_rh9kt61/Kerusakan_Jalan/sedang,group_rh9kt61/Kondisi_Kerusakan_Jalan/ringan,group_rh9kt61/Kondisi_Kerusakan_Jalan/sedang,group_rh9kt61/Kondisi_Kerusakan_Jalan/parah,group_rh9kt61/Kondisi_Arus_Jalan/lenggang,group_rh9kt61/Kondisi_Arus_Jalan/sedang,group_rh9kt61/Kondisi_Arus_Jalan/padat,group_rh9kt61/Plotting_Lokasi_Jalan,group_rh9kt61/_Plotting_Lokasi_Jalan_latitude,group_rh9kt61/_Plotting_Lokasi_Jalan_longitude,group_rh9kt61/_Plotting_Lokasi_Jalan_altitude,group_rh9kt61/_Plotting_Lokasi_Jalan_precision,group_rh9kt61/Foto_Lokasi,group_rh9kt61/Keterangan_Tambahan,__version__,meta/instanceID,_uuid,_submission_time,_tags,_notes,_validation_status
2022-12-07T12:02:41.515+07:00,2022-12-07T12:12:54.620+07:00,Intan,20331046,Jakarta/23 Juli 2001,Jl.IR.H. Juanda,2022-12-07T12:07:00.000+07:00,True,True,True,True,False,False,True,False,False,False,True,n/a,n/a,n/a,False,True,False,-0.9266255 100.3513359 40.2 4.66,-0.9266255,100.3513359,40.2,4.66,1670389850633.jpg,"Kondisi jalan baik, tidak ada kerusakan jalan, fasilitas dan lampu lalu lintas baik. Dan kondisi arus jalan tidak padat dan tidak lenggang",vEEXUNeWwhjifMrCVFHf54,uuid:7e8b8d19-6147-4ea0-a327-c2545ee91c3e,7e8b8d19-6147-4ea0-a327-c2545ee91c3e,2022-12-07T06:22:27,,,{}
2022-12-07T12:47:49.528+07:00,2022-12-07T12:52:09.126+07:00,Intan Nurhasanah Putri,20331046,Jakarta/23 Juli 2001,Jl. Pemuda,2022-12-07T12:48:00.000+07:00,True,True,True,False,True,False,False,True,False,True,False,True,False,False,True,False,False,-0.9512304 100.3552133 18.5 4.68,-0.9512304,100.3552133,18.5,4.68,1670392223734.jpg,"Kondisi jalan ada sedikit kerusakan, fasilitas seperti trotoar banyak yang rusak dan lampu lalu lintas berfungsi dengan baik. Kondisi arus lenggang tidak begitu banyak kendaraan yang ada di jalan",vEEXUNeWwhjifMrCVFHf54,uuid:19a19e2b-678f-40cb-aaa5-5c5a0ae9e208,19a19e2b-678f-40cb-aaa5-5c5a0ae9e208,2022-12-07T06:22:30,,,{}
2022-12-07T13:06:07.017+07:00,2022-12-07T13:12:07.015+07:00,Intan Nurhasanah P,20331046,Jakarta/23 Juli 2001,Jl. Samudra ,2022-12-07T13:07:00.000+07:00,True,True,False,False,False,True,False,True,False,True,False,False,True,False,True,False,False,-0.9600773 100.3535216 25.1 4.8,-0.9600773,100.3535216,25.1,4.8,1670393387592.jpg,"Kondisi jalan buruk karena banyaknya terdapat kerusakan jalan, disekitar jalan banyak terdapat PKL. Kemudian fasilitas jalan tidak ada dan lampu lalu lintas tidak berfungsi dengan baik",vEEXUNeWwhjifMrCVFHf54,uuid:3be94fdf-1258-4257-8ce4-0e5903e57a9f,3be94fdf-1258-4257-8ce4-0e5903e57a9f,2022-12-07T06:22:32,,,{}
2022-12-07T12:30:43.291+07:00,2022-12-07T12:35:34.037+07:00,Ameiliya,20331071,Painan/10 Mei 2002,"Jl. Damar, Kec Padang Barat, Kota Padang, Sumatera Barat",2022-12-07T12:31:00.000+07:00,True,False,False,False,True,False,True,False,False,False,True,n/a,n/a,n/a,True,False,False,-0.9452217 100.3547417 1.100000023841858 4.898,-0.9452217,100.3547417,1.100000023841858,4.898,1670391227429.jpg,Kondisi keadaan jalan sedang karna terdapat jalan yang kurang rata dan terdapat pengerjaan perbaikan saluran air pada pinggir jalan sehingga sedikit mengganggu pengguna jalan. ,vEEXUNeWwhjifMrCVFHf54,uuid:d9c8c1ee-6a13-4d63-8104-eb7b4880e266,d9c8c1ee-6a13-4d63-8104-eb7b4880e266,2022-12-07T06:44:08,,,{}
2022-12-07T13:19:12.794+07:00,2022-12-07T13:22:13.334+07:00,Ameiliya,20331071,Painan/10 Mei 2002,Jl. Samudra,2022-12-07T13:19:00.000+07:00,False,True,False,False,False,True,True,False,False,True,False,False,False,True,False,True,False,-0.9528216 100.3524963 0.6000000238418579 4.964,-0.9528216,100.3524963,0.6000000238418579,4.964,1670394058684.jpg,Kondisi keadaan jalan sangat rusak dan terdapat genangan air sehingga sangat mengganggu keselamatan pengguna jalan,vEEXUNeWwhjifMrCVFHf54,uuid:23a0d875-8a16-452b-a9de-58a79fea9328,23a0d875-8a16-452b-a9de-58a79fea9328,2022-12-07T06:44:11,,,{}
2022-12-07T13:39:08.905+07:00,2022-12-07T13:43:49.365+07:00,Ameiliya,20331071,Painan/10 Mei 2022,Jl Jendral A. Yani,2022-12-07T13:40:00.000+07:00,True,False,False,True,False,False,True,False,False,False,True,n/a,n/a,n/a,False,True,False,-0.942604 100.3613271 2.200000047683716 4.691,-0.942604,100.3613271,2.200000047683716,4.691,1670395354762.jpg,Kondisi keadaan jalan baik dan terdapat zebra cross. Lampu lalu lintasnya berfungsi dengan baik. Trotoar jalan kurang terawat. Arus tidak terlalu padat,vEEXUNeWwhjifMrCVFHf54,uuid:bc244fcf-9222-41bc-8c87-a45c9ff9f0cf,bc244fcf-9222-41bc-8c87-a45c9ff9f0cf,2022-12-07T06:44:14,,,{}
2022-12-07T12:06:33.015+07:00,2022-12-07T12:13:37.168+07:00,Juliana Aisyah ,20331049,Padang/15 Juli 2001,Jalan.Veteran,2022-12-07T12:10:00.000+07:00,True,True,True,True,False,False,False,True,False,False,True,n/a,n/a,n/a,False,False,True,-0.9339068 100.3545031 1.100000023841858 4.949,-0.9339068,100.3545031,1.100000023841858,4.949,1670389943721.jpg,Keadaan jalan cukup baik dan tidak ada kerusakan jalan. Juga terdapat zebra cross untuk penyebrangan jalan. Dan keadaan fasilitas baik,vEEXUNeWwhjifMrCVFHf54,uuid:c7a0cba7-a763-4b93-a4f1-597d63ea6818,c7a0cba7-a763-4b93-a4f1-597d63ea6818,2022-12-07T06:51:31,,,{}
2022-12-07T12:46:30.329+07:00,2022-12-07T12:54:41.302+07:00,Juliana Aisyah ,20331049,Padang/15Juli 2001,Jalan.Diponegoro,2022-12-07T12:47:00.000+07:00,False,True,True,False,True,False,True,False,False,True,False,True,False,False,True,False,False,-0.9540322 100.3527489 1.399999976158142 4.984,-0.9540322,100.3527489,1.399999976158142,4.984,1670392360670.jpg,Keadaan jalan sedikit terdapat genangan air dan terdapat kerusakan yang sedan. Fasilitas jalan cukup terawat dan baik karna terdapat taman dan tempat duduk pada taman. ,vEEXUNeWwhjifMrCVFHf54,uuid:a3d700ce-2576-454e-a648-ca108ed0b0db,a3d700ce-2576-454e-a648-ca108ed0b0db,2022-12-07T06:51:37,,,{}
2022-12-07T13:29:30.196+07:00,2022-12-07T13:34:55.217+07:00,Juliana Aisyah ,20331049,Padang/15Juli 2001,Jalan Koto Marapak,2022-12-07T13:30:00.000+07:00,True,True,True,True,False,False,True,False,False,False,True,n/a,n/a,n/a,True,False,False,-0.9463109 100.3542922 1.100000023841858 4.551,-0.9463109,100.3542922,1.100000023841858,4.551,1670394890554.jpg,Keadaan jalan baik dan tidak terdapat kerusakan. Kondisi fasilitas terdapat kursi untuk pengguna jalan dan taman yang sangat terawat. Sedangkan keadaan lampu merah terdapat kerusakan karna tiang lampu merah miring. Keadaan arus jalan sepi. ,vEEXUNeWwhjifMrCVFHf54,uuid:44b3bbac-c01c-4090-8e4e-6920f5c990c1,44b3bbac-c01c-4090-8e4e-6920f5c990c1,2022-12-07T06:51:43,,,{}
2022-12-07T12:14:24.362+07:00,2022-12-07T12:24:03.179+07:00,Muhammad syahreza,20331054,Sibolga/22 Juli 2002,"Jl veteran 8-6 , Padang pasir ",2022-12-07T12:20:00.000+07:00,True,True,True,True,False,False,True,False,False,False,True,n/a,n/a,n/a,False,True,False,-0.9423353 100.3543676 -9.8 4.983,-0.9423353,100.3543676,-9.8,4.983,1670390523926.jpg,Kondisi jalan bagus namun pada bagian trotoar terdapat kerusakan dan tidak ada fasilitas bagi pengguna jalan kondisi arus jalan sedang dan keadaan lampu merah berfungsi dengan baik dan terdapat pada perempatan jalan,vEEXUNeWwhjifMrCVFHf54,uuid:50e2a246-cbd2-4c3e-a618-fbb357208b2a,50e2a246-cbd2-4c3e-a618-fbb357208b2a,2022-12-07T06:55:19,,,{}
2022-12-07T13:08:48.233+07:00,2022-12-07T13:14:03.024+07:00,Muhammad syahreza,20331054,Sibolga/22 Juli 2002,Jl batang arau,2022-12-07T13:09:00.000+07:00,False,True,True,False,True,False,False,True,False,True,False,True,False,False,True,False,False,-0.9644317 100.3594799 -0.5000001192092896 4.984,-0.9644317,100.3594799,-0.5000001192092896,4.984,1670393532990.jpg,Kondisi jalan ada sedikit kerusakan ( ada keretakan jalan) fasilitas jalan seperti trotoar kurang terawat dan taman trotoar terawat dan kondisi arus jalan sepi,vEEXUNeWwhjifMrCVFHf54,uuid:426c7c21-908f-449b-82dd-f728c4906743,426c7c21-908f-449b-82dd-f728c4906743,2022-12-07T06:55:28,,,{}
2022-12-07T13:50:53.468+07:00,2022-12-07T13:54:29.023+07:00,Muhammad syahreza,20331054,Sibolga/22 Juli 2002,Jl Rasuna Said,2022-12-07T13:51:00.000+07:00,True,True,True,True,False,False,True,False,False,False,True,n/a,n/a,n/a,False,True,False,-0.9268137 100.3612622 2.799999952316284 4.733,-0.9268137,100.3612622,2.799999952316284,4.733,1670395991903.jpg,Kondisi jalan baik terdapat fasilitas seperti halte zebra cross dan pembatas jalan yang rusak dan juga trotoar nya juga rusak,vEEXUNeWwhjifMrCVFHf54,uuid:b103dc01-e740-4c7e-91ba-8070229957ac,b103dc01-e740-4c7e-91ba-8070229957ac,2022-12-07T06:55:34,,,{}
